<?xml version="1.0" encoding="UTF-8" standalone="yes"?>
<addon id="plugin.program.megawizard" name="[COLOR deepskyblue]MegaWizard[/COLOR] Wizard" version="2.0.7" provider-name="[COLOR blue]MK[/COLOR]">
    <requires>
        <import addon="xbmc.python" version="3.0.0" />
        <import addon="script.module.requests" />
        <import addon="script.module.six" />
        <import addon="script.kodi.android.update" optional="true" version="1.1.7" />
        <import addon="script.speedtester" optional="true" version="1.1.2" />
    </requires>
    
    <extension point="xbmc.python.pluginsource" library="default.py">
        <provides>executable</provides>
    </extension>
    
    <extension point="xbmc.service" library="startup.py" start="startup" />
    
    <extension point="xbmc.addon.metadata">
        <summary lang="en">[COLOR blue]MK[/COLOR] Wizard</summary>
        <description lang="en">[COLOR blue]MegaWizard[/COLOR] Wizard offers many maintenance features, selective add-on data saving, and automated build installs.</description>
        <platform>all</platform>
        <reuselanguageinvoker>false</reuselanguageinvoker>
        <source>http://adri-kodi.com/leiaxx/plugin.program.adriwizard.zip</source>
        <news>2.0.0 - Kodi 19 ready - Initial Commit</news>
        <assets>
            <icon>icon.png</icon>
            <fanart>fanart.png</fanart>
        </assets>
    </extension>
</addon>
