<?xml version="1.0" encoding="UTF-8" standalone="yes"?>
<addon id="repository.megakodi" name="Mega_Kodi_Repository" version="1.0" provider-name="YOUR_USERNAME_HERE">
    <extension point="xbmc.addon.repository" name="Mega Kodi Repository">
        <dir>
            <info compressed="false">https://raw.githubusercontent.com/megakodibuild/mega.repository/master/zips/addons.xml</info>
            <checksum>https://raw.githubusercontent.com/megakodibuild/mega.repository/master/zips/addons.xml.md5</checksum>
            <datadir zip="true">https://raw.githubusercontent.com/megakodibuild/megakodi.repository/master/zips/</datadir>
        </dir>
    </extension>
    <extension point="xbmc.addon.metadata">
        <summary>Mega_Kodi_Repository</summary>
        <description>Welcome to Mega Kodi.</description>
        <disclaimer></disclaimer>
        <platform>all</platform>
        <assets>
            <icon>icon.png</icon>
            <fanart>fanart.jpg</fanart>
        </assets>
    </extension>
</addon>